KNN_VAL,TREE_VAL,RANDOM_VAL
0.4166666666666667,0.4166666666666667,0.4166666666666667
0.4,0.3333333333333333,0.2
0.2777777777777778,0.2777777777777778,0.5
0.2222222222222222,0.4444444444444444,0.16666666666666666
0.3442622950819672,0.2459016393442623,0.3114754098360656
0.39344262295081966,0.22950819672131148,0.29508196721311475
