KNN_TEST,TREE_TEST,RANDOM_TEST
0.6923076923076923,0.5384615384615384,0.5384615384615384
0.5,0.375,0.3125
0.4,0.2,0.2
0.2,0.3,0.15
0.27941176470588236,0.3382352941176471,0.25
0.25,0.3088235294117647,0.23529411764705882
