KNN_VAL,TREE_VAL,RANDOM_VAL
0.4166666666666667,0.3333333333333333,0.3333333333333333
0.4,0.4,0.2
0.2777777777777778,0.2777777777777778,0.16666666666666666
0.2222222222222222,0.3333333333333333,0.2777777777777778
0.3442622950819672,0.21311475409836064,0.4098360655737705
0.39344262295081966,0.21311475409836064,0.3770491803278688
