KNN_TEST,TREE_TEST,RANDOM_TEST
0.6923076923076923,0.6923076923076923,0.6923076923076923
0.5,0.3125,0.1875
0.4,0.3,0.15
0.2,0.3,0.1
0.27941176470588236,0.27941176470588236,0.22058823529411764
0.25,0.23529411764705882,0.23529411764705882
