KNN_TEST,TREE_TEST,RANDOM_TEST
0.6923076923076923,0.6153846153846154,0.5384615384615384
0.5,0.375,0.3125
0.4,0.3,0.3
0.2,0.3,0.2
0.27941176470588236,0.3088235294117647,0.2647058823529412
0.25,0.27941176470588236,0.29411764705882354
