HoldOut,HoldOut,HoldOut,KFold-CrossVal,KFold-CrossVal,KFold-CrossVal,Leave-1-out,Leave-1-out,Leave-1-out
KNN,TREE,RANDOM,KNN,TREE,RANDOM,KNN,TREE,RANDOM
0.4166666666666667,0.4166666666666667,0.4166666666666667,0.15,0.05,0.05,0.16666666666666666,0.08333333333333333,0.0
0.4,0.3333333333333333,0.2,0.0,0.35,0.3,0.0,0.26666666666666666,0.26666666666666666
0.2777777777777778,0.2777777777777778,0.5,0.1,0.35,0.15,0.1111111111111111,0.3333333333333333,0.2222222222222222
0.2222222222222222,0.4444444444444444,0.16666666666666666,0.25,0.1,0.0,0.2222222222222222,0.1111111111111111,0.05555555555555555
0.3442622950819672,0.2459016393442623,0.3114754098360656,0.24285714285714288,0.2928571428571428,0.16428571428571428,0.22950819672131148,0.22950819672131148,0.19672131147540983
0.39344262295081966,0.22950819672131148,0.29508196721311475,0.24523809523809526,0.1285714285714286,0.24285714285714283,0.22950819672131148,0.19672131147540983,0.22950819672131148
