KNN_TEST,TREE_TEST,RANDOM_TEST
0.6923076923076923,0.6153846153846154,0.5384615384615384
0.5,0.3125,0.4375
0.4,0.25,0.35
0.2,0.35,0.2
0.27941176470588236,0.3088235294117647,0.23529411764705882
0.25,0.3382352941176471,0.3235294117647059
